Crotalus,abyssus,ventral scale count,173–191,CHATGPT,175-211
Crotalus,abyssus,ventral scale count,173–191,GEMINI,170-198
Crotalus,abyssus,ventral scale count,173–191,DEEPSEEK,null
Crotalus,abyssus,ventral scale count,173–191,CLAUDE,138-153
Crotalus,abyssus,dorsal scale count,23–27,CHATGPT,23-29
Crotalus,abyssus,dorsal scale count,23–27,GEMINI,23-29
Crotalus,abyssus,dorsal scale count,23–27,DEEPSEEK,25-25
Crotalus,abyssus,dorsal scale count,23–27,CLAUDE,25-27
Crotalus,abyssus,subcaudal scale count,18–29,CHATGPT,20-30
Crotalus,abyssus,subcaudal scale count,18–29,GEMINI,19-35
Crotalus,abyssus,subcaudal scale count,18–29,DEEPSEEK,21-30
Crotalus,abyssus,subcaudal scale count,18–29,CLAUDE,23-35
Crotalus,adamanteus,ventral scale count,165–187,CHATGPT,173-205
Crotalus,adamanteus,ventral scale count,165–187,GEMINI,160-181
Crotalus,adamanteus,ventral scale count,165–187,DEEPSEEK,165-187
Crotalus,adamanteus,ventral scale count,165–187,CLAUDE,165-176
Crotalus,adamanteus,dorsal scale count,25–31,CHATGPT,21-27
Crotalus,adamanteus,dorsal scale count,25–31,GEMINI,27-31
Crotalus,adamanteus,dorsal scale count,25–31,DEEPSEEK,25-27
Crotalus,adamanteus,dorsal scale count,25–31,CLAUDE,25-31
Crotalus,adamanteus,subcaudal scale count,20–33,CHATGPT,20-29
Crotalus,adamanteus,subcaudal scale count,20–33,GEMINI,21-35
Crotalus,adamanteus,subcaudal scale count,20–33,DEEPSEEK,21-29
Crotalus,adamanteus,subcaudal scale count,20–33,CLAUDE,24-32
Crotalus,angelensis,ventral scale count,175–190,CHATGPT,200-225
Crotalus,angelensis,ventral scale count,175–190,GEMINI,160-177
Crotalus,angelensis,ventral scale count,175–190,DEEPSEEK,null
Crotalus,angelensis,ventral scale count,175–190,CLAUDE,164-179
Crotalus,angelensis,dorsal scale count,25–27,CHATGPT,23-27
Crotalus,angelensis,dorsal scale count,25–27,GEMINI,23-25
Crotalus,angelensis,dorsal scale count,25–27,DEEPSEEK,25-25-17
Crotalus,angelensis,dorsal scale count,25–27,CLAUDE,25
Crotalus,angelensis,subcaudal scale count,16–29,CHATGPT,14-22
Crotalus,angelensis,subcaudal scale count,16–29,GEMINI,16-30
Crotalus,angelensis,subcaudal scale count,16–29,DEEPSEEK,21-30
Crotalus,angelensis,subcaudal scale count,16–29,CLAUDE,23-30
Crotalus,aquilus,ventral scale count,138–164,CHATGPT,175-200
Crotalus,aquilus,ventral scale count,138–164,GEMINI,139-158
Crotalus,aquilus,ventral scale count,138–164,DEEPSEEK,160-175
Crotalus,aquilus,ventral scale count,138–164,CLAUDE,134-149
Crotalus,aquilus,dorsal scale count,21–25,CHATGPT,25-31
Crotalus,aquilus,dorsal scale count,21–25,GEMINI,19-23
Crotalus,aquilus,dorsal scale count,21–25,DEEPSEEK,25-25
Crotalus,aquilus,dorsal scale count,21–25,CLAUDE,25
Crotalus,aquilus,subcaudal scale count,17–31,CHATGPT,11-17
Crotalus,aquilus,subcaudal scale count,17–31,GEMINI,17-29
Crotalus,aquilus,subcaudal scale count,17–31,DEEPSEEK,21-31
Crotalus,aquilus,subcaudal scale count,17–31,CLAUDE,24-30
Crotalus,armstrongi,ventral scale count,130–151,CHATGPT,131-152
Crotalus,armstrongi,ventral scale count,130–151,GEMINI,
Crotalus,armstrongi,ventral scale count,130–151,DEEPSEEK,156-168
Crotalus,armstrongi,ventral scale count,130–151,CLAUDE,162-172
Crotalus,armstrongi,dorsal scale count,21–23,CHATGPT,25-31
Crotalus,armstrongi,dorsal scale count,21–23,GEMINI,25-29
Crotalus,armstrongi,dorsal scale count,21–23,DEEPSEEK,25-25-17
Crotalus,armstrongi,dorsal scale count,21–23,CLAUDE,25
Crotalus,armstrongi,subcaudal scale count,19–31,CHATGPT,19-25
Crotalus,armstrongi,subcaudal scale count,19–31,GEMINI,18-27
Crotalus,armstrongi,subcaudal scale count,19–31,DEEPSEEK,21-27
Crotalus,armstrongi,subcaudal scale count,19–31,CLAUDE,22-27
Crotalus,atrox,ventral scale count,158–200,CHATGPT,190-240
Crotalus,atrox,ventral scale count,158–200,GEMINI,169-200
Crotalus,atrox,ventral scale count,158–200,DEEPSEEK,160-187
Crotalus,atrox,ventral scale count,158–200,CLAUDE,162-187
Crotalus,atrox,dorsal scale count,23–29,CHATGPT,23-25
Crotalus,atrox,dorsal scale count,23–29,GEMINI,25-29
Crotalus,atrox,dorsal scale count,23–29,DEEPSEEK,25-29
Crotalus,atrox,dorsal scale count,23–29,CLAUDE,23-27
Crotalus,atrox,subcaudal scale count,13–36,CHATGPT,20-25
Crotalus,atrox,subcaudal scale count,13–36,GEMINI,20-33
Crotalus,atrox,subcaudal scale count,13–36,DEEPSEEK,21-29
Crotalus,atrox,subcaudal scale count,13–36,CLAUDE,20-30
Crotalus,basiliscus,ventral scale count,178–206,CHATGPT,180-230
Crotalus,basiliscus,ventral scale count,178–206,GEMINI,170-206
Crotalus,basiliscus,ventral scale count,178–206,DEEPSEEK,166-176
Crotalus,basiliscus,ventral scale count,178–206,CLAUDE,192-221
Crotalus,basiliscus,dorsal scale count,24–29,CHATGPT,23-33
Crotalus,basiliscus,dorsal scale count,24–29,GEMINI,27-29
Crotalus,basiliscus,dorsal scale count,24–29,DEEPSEEK,25-29
Crotalus,basiliscus,dorsal scale count,24–29,CLAUDE,25-27
Crotalus,basiliscus,subcaudal scale count,18–36,CHATGPT,20-31
Crotalus,basiliscus,subcaudal scale count,18–36,GEMINI,26-39
Crotalus,basiliscus,subcaudal scale count,18–36,DEEPSEEK,21-29
Crotalus,basiliscus,subcaudal scale count,18–36,CLAUDE,20-30
Crotalus,caliginis,ventral scale count,167–179,CHATGPT,175-202
Crotalus,caliginis,ventral scale count,167–179,GEMINI,165-183
Crotalus,caliginis,ventral scale count,167–179,DEEPSEEK,null
Crotalus,caliginis,ventral scale count,167–179,CLAUDE,183-207
Crotalus,caliginis,dorsal scale count,25–27,CHATGPT,23-27
Crotalus,caliginis,dorsal scale count,25–27,GEMINI,21-25
Crotalus,caliginis,dorsal scale count,25–27,DEEPSEEK,21-21
Crotalus,caliginis,dorsal scale count,25–27,CLAUDE,25-27
Crotalus,caliginis,subcaudal scale count,15–28,CHATGPT,20-30
Crotalus,caliginis,subcaudal scale count,15–28,GEMINI,24-34
Crotalus,caliginis,subcaudal scale count,15–28,DEEPSEEK,24-33
Crotalus,caliginis,subcaudal scale count,15–28,CLAUDE,18-25
Crotalus,campbelli,ventral scale count,147–154,CHATGPT,160-184
Crotalus,campbelli,ventral scale count,147–154,GEMINI,195-210
Crotalus,campbelli,ventral scale count,147–154,DEEPSEEK,null
Crotalus,campbelli,ventral scale count,147–154,CLAUDE,146-173
Crotalus,campbelli,dorsal scale count,23–25,CHATGPT,23-27
Crotalus,campbelli,dorsal scale count,23–25,GEMINI,23-27
Crotalus,campbelli,dorsal scale count,23–25,DEEPSEEK,21-21
Crotalus,campbelli,dorsal scale count,23–25,CLAUDE,25-27
Crotalus,campbelli,subcaudal scale count,22–32,CHATGPT,18-25
Crotalus,campbelli,subcaudal scale count,22–32,GEMINI,15-24
Crotalus,campbelli,subcaudal scale count,22–32,DEEPSEEK,26-35
Crotalus,campbelli,subcaudal scale count,22–32,CLAUDE,26-35
Crotalus,catalinensis,ventral scale count,177–189,CHATGPT,153-167
Crotalus,catalinensis,ventral scale count,177–189,GEMINI,170-187
Crotalus,catalinensis,ventral scale count,177–189,DEEPSEEK,null
Crotalus,catalinensis,ventral scale count,177–189,CLAUDE,165-185
Crotalus,catalinensis,dorsal scale count,25,CHATGPT,23-27
Crotalus,catalinensis,dorsal scale count,25,GEMINI,21-23
Crotalus,catalinensis,dorsal scale count,25,DEEPSEEK,25-25
Crotalus,catalinensis,dorsal scale count,25,CLAUDE,25
Crotalus,catalinensis,subcaudal scale count,18–28,CHATGPT,22-30
Crotalus,catalinensis,subcaudal scale count,18–28,GEMINI,16-21
Crotalus,catalinensis,subcaudal scale count,18–28,DEEPSEEK,21-26
Crotalus,catalinensis,subcaudal scale count,18–28,CLAUDE,23-29
Crotalus,cerastes,ventral scale count,132–154,CHATGPT,160-180
Crotalus,cerastes,ventral scale count,132–154,GEMINI,132-155
Crotalus,cerastes,ventral scale count,132–154,DEEPSEEK,138-153
Crotalus,cerastes,ventral scale count,132–154,CLAUDE,132-144
Crotalus,cerastes,dorsal scale count,19–25,CHATGPT,23-35
Crotalus,cerastes,dorsal scale count,19–25,GEMINI,21-23
Crotalus,cerastes,dorsal scale count,19–25,DEEPSEEK,21-25
Crotalus,cerastes,dorsal scale count,19–25,CLAUDE,21-25
Crotalus,cerastes,subcaudal scale count,14–26,CHATGPT,13-24
Crotalus,cerastes,subcaudal scale count,14–26,GEMINI,18-31
Crotalus,cerastes,subcaudal scale count,14–26,DEEPSEEK,21-29
Crotalus,cerastes,subcaudal scale count,14–26,CLAUDE,14-21
Crotalus,cerberus,ventral scale count,161–184,CHATGPT,196-208
Crotalus,cerberus,ventral scale count,161–184,GEMINI,179-206
Crotalus,cerberus,ventral scale count,161–184,DEEPSEEK,172-189
Crotalus,cerberus,ventral scale count,161–184,CLAUDE,172-195
Crotalus,cerberus,dorsal scale count,23–27,CHATGPT,23-35
Crotalus,cerberus,dorsal scale count,23–27,GEMINI,21-25
Crotalus,cerberus,dorsal scale count,23–27,DEEPSEEK,25-25
Crotalus,cerberus,dorsal scale count,23–27,CLAUDE,25-27
Crotalus,cerberus,subcaudal scale count,16–26,CHATGPT,17-24
Crotalus,cerberus,subcaudal scale count,16–26,GEMINI,21-30
Crotalus,cerberus,subcaudal scale count,16–26,DEEPSEEK,19-31
Crotalus,cerberus,subcaudal scale count,16–26,CLAUDE,23-32
